ID,Title infront,Name,Surname,Title after,Password
9EA201,doc. Ing.,Justice Farmer,Farmer,PhD,uQCvOaVldU,
E6VB3T,Ing.,Aaden Cuevas,Cuevas,CSc,00lg60GEfw,
32BYF6,Ing.,Victor Franklin,Franklin,,uq33Tu59UO,
JAND2O,Ing.,Lorenzo Chen,Chen,,mOZPpHDPFT,
0Q3CYY,Ing.,Jaxon Wagner,Wagner,,JJhxjAjXaQ,
YABAB5,Ing.,Raphael Pratt,Pratt,,yuikeDh53i,
KLU3GP,Ing.,Mike Ayala,Ayala,,keket,
IZGD8D,Ing.,Lyric Chaney,Chaney,,uVLLN0pFFc,
YKQWGW,doc. Ing.,Adriel Barry,Barry,,CHn13tz1K1,
AW844B,Bc.,Clarence Shaffer,Shaffer,,vN0fwsaGzI,
8UVYOI,Ing.,Brooks Aguilar,Aguilar,,XIFvWqJ88I,
